Workbook

Sheet Master Summary
A1: Source | B1: Total Sales | C1: Average Sale | D1: Highest Sale | E1: Items
A2: practice_file_1.xlsx | B2: =SUM('Data 1'!E2:E6) -> 91.35 | C2: =AVERAGE('Data 1'!E2:E6) -> 18.27 | D2: =MAX('Data 1'!E2:E6) -> 42.5 | E2: =COUNTA('Data 1'!A2:A6) -> 5
A3: practice_file_2.xlsx | B3: =SUM('Data 2'!E2:E6) -> 48 | C3: =AVERAGE('Data 2'!E2:E6) -> 9.6 | D3: =MAX('Data 2'!E2:E6) -> 12 | E3: =COUNTA('Data 2'!A2:A6) -> 5
A4: practice_file_3.xlsx | B4: =SUM('Data 3'!E2:E6) -> 35.45 | C4: =AVERAGE('Data 3'!E2:E6) -> 7.09 | D4: =MAX('Data 3'!E2:E6) -> 10 | E4: =COUNTA('Data 3'!A2:A6) -> 5
A5: practice_file_4.xlsx | B5: =SUM('Data 4'!E2:E6) -> 246.8 | C5: =AVERAGE('Data 4'!E2:E6) -> 49.36 | D5: =MAX('Data 4'!E2:E6) -> 120 | E5: =COUNTA('Data 4'!A2:A6) -> 5
A6: practice_file_5.xlsx | B6: =SUM('Data 5'!E2:E6) -> 37.39 | C6: =AVERAGE('Data 5'!E2:E6) -> 7.478 | D6: =MAX('Data 5'!E2:E6) -> 10.45 | E6: =COUNTA('Data 5'!A2:A6) -> 5

Sheet Data 1
A1: Item | B1: Qty | C1: Unit Price | D1: Discount % | E1: Net Total
A2: Pen | B2: 10 | C2: 1.5 | D2: 0.05 | E2: =B2*C2*(1-D2) -> 14.25
A3: Book | B3: 5 | C3: 4.2 | D3: 0.1 | E3: =B3*C3*(1-D3) -> 18.9
A4: Bag | B4: 2 | C4: 25 | D4: 0.15 | E4: =B4*C4*(1-D4) -> 42.5
A5: Pencil | B5: 20 | C5: 0.5 | D5: 0 | E5: =B5*C5*(1-D5) -> 10
A6: Eraser | B6: 8 | C6: 0.75 | D6: 0.05 | E6: =B6*C6*(1-D6) -> 5.7

Sheet Data 2
A1: Item | B1: Qty | C1: Unit Price | D1: Discount % | E1: Net Total
A2: Apple | B2: 12 | C2: 0.8 | D2: 0.05 | E2: =B2*C2*(1-D2) -> 9.12
A3: Orange | B3: 9 | C3: 1.1 | D3: 0.1 | E3: =B3*C3*(1-D3) -> 8.91
A4: Banana | B4: 15 | C4: 0.4 | D4: 0 | E4: =B4*C4*(1-D4) -> 6
A5: Mango | B5: 6 | C5: 2.5 | D5: 0.2 | E5: =B5*C5*(1-D5) -> 12
A6: Pear | B6: 7 | C6: 1.8 | D6: 0.05 | E6: =B6*C6*(1-D6) -> 11.97

Sheet Data 3
A1: Item | B1: Qty | C1: Unit Price | D1: Discount % | E1: Net Total
A2: Bolt | B2: 50 | C2: 0.2 | D2: 0 | E2: =B2*C2*(1-D2) -> 10
A3: Nut | B3: 50 | C3: 0.15 | D3: 0 | E3: =B3*C3*(1-D3) -> 7.5
A4: Washer | B4: 100 | C4: 0.05 | D4: 0.05 | E4: =B4*C4*(1-D4) -> 4.75
A5: Screw | B5: 80 | C5: 0.1 | D5: 0.1 | E5: =B5*C5*(1-D5) -> 7.2
A6: Nail | B6: 200 | C6: 0.03 | D6: 0 | E6: =B6*C6*(1-D6) -> 6

Sheet Data 4
A1: Item | B1: Qty | C1: Unit Price | D1: Discount % | E1: Net Total
A2: USB | B2: 3 | C2: 12 | D2: 0.1 | E2: =B2*C2*(1-D2) -> 32.4
A3: Mouse | B3: 4 | C3: 8 | D3: 0.05 | E3: =B3*C3*(1-D3) -> 30.4
A4: Keyboard | B4: 2 | C4: 20 | D4: 0.15 | E4: =B4*C4*(1-D4) -> 34
A5: Monitor | B5: 1 | C5: 150 | D5: 0.2 | E5: =B5*C5*(1-D5) -> 120
A6: Cable | B6: 10 | C6: 3 | D6: 0 | E6: =B6*C6*(1-D6) -> 30

Sheet Data 5
A1: Item | B1: Qty | C1: Unit Price | D1: Discount % | E1: Net Total
A2: Milk | B2: 6 | C2: 1.3 | D2: 0 | E2: =B2*C2*(1-D2) -> 7.8
A3: Bread | B3: 4 | C3: 1.8 | D3: 0.05 | E3: =B3*C3*(1-D3) -> 6.84
A4: Eggs | B4: 30 | C4: 0.2 | D4: 0 | E4: =B4*C4*(1-D4) -> 6
A5: Butter | B5: 2 | C5: 3.5 | D5: 0.1 | E5: =B5*C5*(1-D5) -> 6.3
A6: Tea | B6: 5 | C6: 2.2 | D6: 0.05 | E6: =B6*C6*(1-D6) -> 10.45
